Datetime,open,high,low,close,volume
,ETH-USD,ETH-USD,ETH-USD,ETH-USD,ETH-USD
2026-07-17 21:00:00+00:00,1841.5799560546875,1845.550048828125,1839.8199462890625,1840.43994140625,0
2026-07-17 22:00:00+00:00,1840.489990234375,1842.719970703125,1836.199951171875,1838.5999755859375,0
2026-07-17 23:00:00+00:00,1838.699951171875,1843.2900390625,1833.969970703125,1840.93994140625,0
2026-07-18 00:00:00+00:00,1840.949951171875,1843.739990234375,1838.8900146484375,1839.8599853515625,0
2026-07-18 01:00:00+00:00,1839.8199462890625,1842.18994140625,1838.300048828125,1841.300048828125,0
2026-07-18 02:00:00+00:00,1841.68994140625,1845.5699462890625,1840.3199462890625,1841.030029296875,0
2026-07-18 03:00:00+00:00,1840.8499755859375,1845.239990234375,1840.43994140625,1844.6700439453125,0
2026-07-18 04:00:00+00:00,1844.9000244140625,1845.0699462890625,1841.25,1843.3499755859375,0
2026-07-18 05:00:00+00:00,1843.3900146484375,1848.0,1841.8800048828125,1844.6199951171875,0
2026-07-18 06:00:00+00:00,1844.75,1846.77001953125,1841.8399658203125,1843.6099853515625,0
2026-07-18 07:00:00+00:00,1843.6099853515625,1844.9000244140625,1841.7900390625,1843.030029296875,0
2026-07-18 08:00:00+00:00,1843.239990234375,1848.02001953125,1841.199951171875,1846.18994140625,0
2026-07-18 09:00:00+00:00,1846.27001953125,1846.7900390625,1841.8399658203125,1843.8699951171875,0
2026-07-18 10:00:00+00:00,1843.68994140625,1845.47998046875,1842.9000244140625,1844.18994140625,0
2026-07-18 11:00:00+00:00,1844.18994140625,1845.4100341796875,1842.949951171875,1844.1700439453125,0
2026-07-18 12:00:00+00:00,1844.1800537109375,1849.0799560546875,1838.800048828125,1843.4100341796875,0
2026-07-18 13:00:00+00:00,1843.0799560546875,1843.0799560546875,1836.25,1840.31005859375,0
2026-07-18 14:00:00+00:00,1840.56005859375,1845.0899658203125,1839.6099853515625,1844.550048828125,0
2026-07-18 15:00:00+00:00,1844.68994140625,1844.93994140625,1840.8599853515625,1842.5,0
2026-07-18 16:00:00+00:00,1842.5,1845.5999755859375,1840.5,1844.510009765625,0
2026-07-18 17:00:00+00:00,1844.719970703125,1852.1500244140625,1842.010009765625,1851.4100341796875,0
2026-07-18 18:00:00+00:00,1851.719970703125,1863.780029296875,1848.719970703125,1856.2900390625,98165248
2026-07-18 19:00:00+00:00,1856.800048828125,1860.0799560546875,1854.5699462890625,1857.239990234375,7000064
2026-07-18 20:00:00+00:00,1857.3499755859375,1861.8699951171875,1854.5400390625,1855.9200439453125,0
2026-07-18 21:00:00+00:00,1856.2900390625,1861.6400146484375,1854.780029296875,1859.530029296875,90032640
2026-07-18 22:00:00+00:00,1859.760009765625,1864.3199462890625,1858.43994140625,1862.5400390625,31182848
2026-07-18 23:00:00+00:00,1862.4000244140625,1863.0999755859375,1858.81005859375,1861.5400390625,1517056
2026-07-19 00:00:00+00:00,1861.6099853515625,1862.27001953125,1858.1099853515625,1860.1099853515625,25963520
2026-07-19 01:00:00+00:00,1860.1199951171875,1860.3699951171875,1857.4200439453125,1857.8699951171875,120525824
2026-07-19 02:00:00+00:00,1857.72998046875,1876.280029296875,1857.5999755859375,1870.25,217775616
2026-07-19 03:00:00+00:00,1871.719970703125,1871.739990234375,1862.6400146484375,1866.02001953125,100541952
2026-07-19 04:00:00+00:00,1866.0,1869.0899658203125,1863.0799560546875,1866.0899658203125,0
2026-07-19 05:00:00+00:00,1866.469970703125,1869.18994140625,1864.449951171875,1867.2099609375,107537920
2026-07-19 06:00:00+00:00,1867.010009765625,1870.199951171875,1866.8299560546875,1867.9000244140625,10735104
2026-07-19 07:00:00+00:00,1867.77001953125,1870.6300048828125,1865.9100341796875,1868.6500244140625,199129600
2026-07-19 08:00:00+00:00,1869.0699462890625,1873.800048828125,1866.4599609375,1872.6500244140625,0
2026-07-19 09:00:00+00:00,1872.7099609375,1872.8299560546875,1864.199951171875,1865.1600341796875,147283968
2026-07-19 10:00:00+00:00,1865.050048828125,1876.4200439453125,1862.97998046875,1870.949951171875,108134912
2026-07-19 11:00:00+00:00,1871.030029296875,1877.199951171875,1868.969970703125,1870.050048828125,178229248
2026-07-19 12:00:00+00:00,1869.9599609375,1872.9000244140625,1863.550048828125,1869.1199951171875,80443904
2026-07-19 13:00:00+00:00,1869.1099853515625,1872.239990234375,1864.5899658203125,1870.4200439453125,482418176
2026-07-19 14:00:00+00:00,1870.5400390625,1876.72998046875,1867.3299560546875,1873.31005859375,104725504
2026-07-19 15:00:00+00:00,1873.31005859375,1874.739990234375,1867.489990234375,1869.68994140625,114216448
2026-07-19 16:00:00+00:00,1869.5799560546875,1872.22998046875,1864.56005859375,1865.1099853515625,16558592
2026-07-19 17:00:00+00:00,1865.22998046875,1872.199951171875,1857.719970703125,1865.9200439453125,168103936
2026-07-19 18:00:00+00:00,1865.8900146484375,1866.56005859375,1853.5899658203125,1859.7099609375,0
2026-07-19 19:00:00+00:00,1860.25,1861.300048828125,1853.530029296875,1860.969970703125,0
2026-07-19 20:00:00+00:00,1860.969970703125,1865.760009765625,1860.6800537109375,1865.760009765625,0
2026-07-19 21:00:00+00:00,1866.6800537109375,1866.6800537109375,1856.030029296875,1860.6700439453125,0
2026-07-19 22:00:00+00:00,1858.280029296875,1875.8399658203125,1856.7099609375,1869.239990234375,273790464
2026-07-19 23:00:00+00:00,1869.1199951171875,1873.7900390625,1863.9599609375,1870.9599609375,134061568
2026-07-20 00:00:00+00:00,1871.010009765625,1890.199951171875,1861.5999755859375,1870.72998046875,410116608
2026-07-20 01:00:00+00:00,1870.780029296875,1888.1300048828125,1864.2900390625,1867.81005859375,221141504
2026-07-20 02:00:00+00:00,1867.7900390625,1881.6600341796875,1866.719970703125,1877.5,18837504
2026-07-20 03:00:00+00:00,1877.4200439453125,1880.760009765625,1869.4300537109375,1878.3699951171875,0
2026-07-20 04:00:00+00:00,1878.5,1878.5,1867.0799560546875,1867.0799560546875,167071744
2026-07-20 05:00:00+00:00,1867.6700439453125,1868.4000244140625,1851.3499755859375,1854.050048828125,382388224
2026-07-20 06:00:00+00:00,1854.4200439453125,1858.449951171875,1842.68994140625,1847.800048828125,346507776
2026-07-20 07:00:00+00:00,1848.4100341796875,1863.8199462890625,1847.780029296875,1862.3900146484375,153393664
2026-07-20 08:00:00+00:00,1862.0400390625,1866.81005859375,1852.1800537109375,1859.1600341796875,386584576
2026-07-20 09:00:00+00:00,1859.030029296875,1865.6600341796875,1856.1199951171875,1862.4000244140625,129424384
2026-07-20 10:00:00+00:00,1862.5699462890625,1869.699951171875,1860.9599609375,1867.239990234375,5883904
2026-07-20 11:00:00+00:00,1867.6500244140625,1894.43994140625,1866.300048828125,1891.56005859375,437598208
2026-07-20 12:00:00+00:00,1891.6600341796875,1891.6600341796875,1870.1400146484375,1871.3800048828125,248122368
2026-07-20 13:00:00+00:00,1871.9100341796875,1878.8399658203125,1855.800048828125,1860.5,0
2026-07-20 14:00:00+00:00,1860.4599609375,1868.719970703125,1852.0,1866.260009765625,400651264
2026-07-20 15:00:00+00:00,1866.72998046875,1902.27001953125,1865.93994140625,1901.0400390625,513133568
2026-07-20 16:00:00+00:00,1901.239990234375,1904.510009765625,1892.4100341796875,1898.1199951171875,620512256
2026-07-20 17:00:00+00:00,1897.56005859375,1908.4000244140625,1893.9599609375,1906.6800537109375,91730944
2026-07-20 18:00:00+00:00,1907.4000244140625,1917.030029296875,1896.0799560546875,1898.010009765625,501008384
2026-07-20 19:00:00+00:00,1898.1199951171875,1899.8199462890625,1888.7099609375,1897.199951171875,174517248
2026-07-20 20:00:00+00:00,1898.6500244140625,1905.4100341796875,1894.9000244140625,1903.5400390625,221305856
2026-07-20 21:00:00+00:00,1903.8399658203125,1906.3199462890625,1900.3800048828125,1901.050048828125,15690752
2026-07-20 22:00:00+00:00,1900.8399658203125,1900.8399658203125,1892.9000244140625,1894.5799560546875,0
2026-07-20 23:00:00+00:00,1894.56005859375,1904.1500244140625,1894.050048828125,1903.5400390625,83991552
2026-07-21 00:00:00+00:00,1903.0,1916.800048828125,1899.5699462890625,1913.9000244140625,0
2026-07-21 01:00:00+00:00,1913.2900390625,1916.9100341796875,1905.5,1906.2099609375,0
2026-07-21 02:00:00+00:00,1906.300048828125,1920.3499755859375,1903.3299560546875,1916.1700439453125,0
2026-07-21 03:00:00+00:00,1916.050048828125,1926.760009765625,1915.9000244140625,1925.4599609375,326789120
2026-07-21 04:00:00+00:00,1925.4100341796875,1929.8399658203125,1921.260009765625,1923.3599853515625,112701440
2026-07-21 05:00:00+00:00,1923.1199951171875,1932.9200439453125,1920.72998046875,1929.239990234375,0
2026-07-21 06:00:00+00:00,1929.7099609375,1938.739990234375,1926.5,1933.5999755859375,0
2026-07-21 07:00:00+00:00,1933.5699462890625,1938.0,1932.1600341796875,1932.8900146484375,74708992
2026-07-21 08:00:00+00:00,1932.77001953125,1949.3699951171875,1930.3699951171875,1938.6199951171875,356736000
2026-07-21 09:00:00+00:00,1938.25,1942.3199462890625,1935.8399658203125,1940.800048828125,530204672
2026-07-21 10:00:00+00:00,1941.010009765625,1945.800048828125,1931.0400390625,1932.8499755859375,253536256
2026-07-21 11:00:00+00:00,1932.8800048828125,1936.02001953125,1926.02001953125,1934.75,383337472
2026-07-21 12:00:00+00:00,1934.7900390625,1944.1800537109375,1931.6600341796875,1941.5999755859375,0
2026-07-21 13:00:00+00:00,1941.300048828125,1942.5,1926.1500244140625,1939.0799560546875,0
2026-07-21 14:00:00+00:00,1939.1600341796875,1943.1700439453125,1926.1800537109375,1930.219970703125,232392704
2026-07-21 15:00:00+00:00,1930.3299560546875,1931.449951171875,1922.489990234375,1930.760009765625,0
2026-07-21 16:00:00+00:00,1930.969970703125,1934.4300537109375,1920.5899658203125,1925.4200439453125,0
2026-07-21 17:00:00+00:00,1925.0999755859375,1927.199951171875,1915.5400390625,1917.300048828125,98532352
2026-07-21 18:00:00+00:00,1917.5,1921.4200439453125,1914.3199462890625,1918.949951171875,0
2026-07-21 19:00:00+00:00,1918.56005859375,1925.489990234375,1917.4300537109375,1922.3599853515625,103004160
2026-07-21 20:00:00+00:00,1922.800048828125,1925.27001953125,1920.4100341796875,1922.0999755859375,0
2026-07-21 21:00:00+00:00,1922.0999755859375,1925.719970703125,1918.780029296875,1923.1300048828125,0
2026-07-21 22:00:00+00:00,1922.300048828125,1922.93994140625,1917.1400146484375,1919.5999755859375,0
2026-07-21 23:00:00+00:00,1919.1600341796875,1929.8299560546875,1915.699951171875,1928.5,11305984
2026-07-22 00:00:00+00:00,1929.0,1942.8199462890625,1927.800048828125,1938.0999755859375,96323584
2026-07-22 01:00:00+00:00,1938.469970703125,1939.1099853515625,1927.239990234375,1932.4200439453125,0
2026-07-22 02:00:00+00:00,1931.739990234375,1935.239990234375,1925.52001953125,1929.0699462890625,248481792
2026-07-22 03:00:00+00:00,1928.5400390625,1934.56005859375,1925.4000244140625,1927.4599609375,0
2026-07-22 04:00:00+00:00,1926.8499755859375,1937.989990234375,1926.8499755859375,1935.489990234375,161551360
2026-07-22 05:00:00+00:00,1935.739990234375,1935.739990234375,1917.0699462890625,1918.0799560546875,89092096
2026-07-22 06:00:00+00:00,1918.72998046875,1919.8900146484375,1912.199951171875,1916.27001953125,0
2026-07-22 07:00:00+00:00,1916.8800048828125,1917.81005859375,1909.47998046875,1912.8800048828125,130771968
2026-07-22 08:00:00+00:00,1912.68994140625,1923.9000244140625,1912.68994140625,1919.800048828125,0
2026-07-22 09:00:00+00:00,1919.510009765625,1925.1700439453125,1918.2099609375,1923.199951171875,0
2026-07-22 10:00:00+00:00,1923.300048828125,1932.199951171875,1921.9100341796875,1929.4100341796875,0
2026-07-22 11:00:00+00:00,1929.1400146484375,1930.1600341796875,1920.9599609375,1926.1600341796875,0
2026-07-22 12:00:00+00:00,1925.9100341796875,1926.1600341796875,1912.1500244140625,1915.5999755859375,0
2026-07-22 13:00:00+00:00,1915.72998046875,1940.8900146484375,1915.5999755859375,1938.800048828125,62101504
2026-07-22 14:00:00+00:00,1938.3199462890625,1952.7099609375,1922.02001953125,1932.0,212447232
2026-07-22 15:00:00+00:00,1932.199951171875,1951.5400390625,1931.9000244140625,1941.949951171875,99718144
2026-07-22 16:00:00+00:00,1942.06005859375,1955.81005859375,1935.31005859375,1949.300048828125,204840960
2026-07-22 17:00:00+00:00,1949.0999755859375,1949.5799560546875,1934.300048828125,1937.699951171875,0
2026-07-22 18:00:00+00:00,1937.760009765625,1939.300048828125,1921.989990234375,1929.8800048828125,41906176
2026-07-22 19:00:00+00:00,1929.8900146484375,1931.0400390625,1920.1800537109375,1924.0,0
2026-07-22 20:00:00+00:00,1923.5799560546875,1929.510009765625,1921.7099609375,1926.030029296875,88513536
2026-07-22 21:00:00+00:00,1925.93994140625,1938.6300048828125,1925.93994140625,1937.9000244140625,12046336
2026-07-22 22:00:00+00:00,1938.3800048828125,1938.3800048828125,1929.949951171875,1937.4300537109375,0
2026-07-22 23:00:00+00:00,1937.4300537109375,1937.43994140625,1922.969970703125,1933.550048828125,200812544
2026-07-23 00:00:00+00:00,1933.6800537109375,1940.6500244140625,1931.6500244140625,1931.6500244140625,0
2026-07-23 01:00:00+00:00,1931.6300048828125,1935.8399658203125,1925.9000244140625,1927.6500244140625,0
2026-07-23 02:00:00+00:00,1927.43994140625,1928.6600341796875,1921.219970703125,1926.5,0
2026-07-23 03:00:00+00:00,1926.800048828125,1926.9599609375,1917.5,1919.530029296875,0
2026-07-23 04:00:00+00:00,1919.0,1925.06005859375,1917.5999755859375,1918.3199462890625,0
2026-07-23 05:00:00+00:00,1918.699951171875,1927.6099853515625,1917.0699462890625,1921.949951171875,0
2026-07-23 06:00:00+00:00,1921.56005859375,1925.9599609375,1920.030029296875,1924.4000244140625,0
2026-07-23 07:00:00+00:00,1924.4000244140625,1924.4000244140625,1911.1400146484375,1914.199951171875,7793664
2026-07-23 08:00:00+00:00,1914.3199462890625,1926.1300048828125,1913.0999755859375,1926.030029296875,0
2026-07-23 09:00:00+00:00,1925.5400390625,1930.3800048828125,1922.4000244140625,1923.18994140625,44081152
2026-07-23 10:00:00+00:00,1923.6099853515625,1929.5999755859375,1921.0999755859375,1927.3399658203125,0
2026-07-23 11:00:00+00:00,1927.300048828125,1928.4599609375,1923.75,1925.260009765625,0
2026-07-23 12:00:00+00:00,1925.0699462890625,1927.1199951171875,1894.260009765625,1903.0999755859375,552227840
2026-07-23 13:00:00+00:00,1903.2900390625,1907.780029296875,1894.72998046875,1897.3599853515625,199411712
2026-07-23 14:00:00+00:00,1897.8299560546875,1905.800048828125,1892.0,1895.5400390625,0
2026-07-23 15:00:00+00:00,1894.5999755859375,1896.219970703125,1881.6099853515625,1893.800048828125,217830400
2026-07-23 16:00:00+00:00,1894.02001953125,1894.02001953125,1883.5,1886.3199462890625,0
2026-07-23 17:00:00+00:00,1885.7900390625,1890.449951171875,1875.2900390625,1876.530029296875,0
2026-07-23 18:00:00+00:00,1876.72998046875,1882.9599609375,1874.5899658203125,1879.68994140625,0
2026-07-23 19:00:00+00:00,1880.3199462890625,1882.0999755859375,1867.4000244140625,1873.760009765625,114078720
2026-07-23 20:00:00+00:00,1873.8599853515625,1887.25,1872.81005859375,1884.469970703125,119515136
2026-07-23 21:00:00+00:00,1884.43994140625,1887.280029296875,1879.300048828125,1881.199951171875,1292288
2026-07-23 22:00:00+00:00,1881.2900390625,1882.68994140625,1873.1800537109375,1881.97998046875,0
2026-07-23 23:00:00+00:00,1881.9000244140625,1883.1099853515625,1874.3199462890625,1876.9100341796875,12351488
2026-07-24 00:00:00+00:00,1877.300048828125,1877.6099853515625,1860.77001953125,1869.949951171875,55420928
2026-07-24 01:00:00+00:00,1870.0999755859375,1876.0999755859375,1869.1800537109375,1871.4100341796875,188833792
2026-07-24 02:00:00+00:00,1871.5999755859375,1877.1500244140625,1863.510009765625,1867.81005859375,0
2026-07-24 03:00:00+00:00,1868.0999755859375,1879.6400146484375,1866.5699462890625,1879.199951171875,106137600
2026-07-24 04:00:00+00:00,1879.6500244140625,1880.4000244140625,1873.300048828125,1874.3800048828125,0
2026-07-24 05:00:00+00:00,1874.6400146484375,1880.7900390625,1872.199951171875,1879.280029296875,42075136
2026-07-24 06:00:00+00:00,1879.280029296875,1886.8800048828125,1877.510009765625,1886.75,109783040
2026-07-24 07:00:00+00:00,1887.0999755859375,1908.1099853515625,1887.0,1894.6400146484375,115160064
2026-07-24 08:00:00+00:00,1894.72998046875,1894.72998046875,1885.0899658203125,1886.6600341796875,43315200
2026-07-24 09:00:00+00:00,1886.8199462890625,1887.8900146484375,1878.4599609375,1886.6600341796875,0
2026-07-24 10:00:00+00:00,1886.68994140625,1887.1199951171875,1878.8499755859375,1882.4000244140625,46685184
2026-07-24 11:00:00+00:00,1882.260009765625,1883.3699951171875,1875.1199951171875,1882.760009765625,0
2026-07-24 12:00:00+00:00,1882.199951171875,1884.4300537109375,1870.1600341796875,1870.7099609375,0
2026-07-24 13:00:00+00:00,1872.47998046875,1873.510009765625,1846.5899658203125,1854.9000244140625,94092288
2026-07-24 14:00:00+00:00,1856.6400146484375,1861.0799560546875,1847.1700439453125,1860.8800048828125,19365888
2026-07-24 15:00:00+00:00,1860.4200439453125,1867.6199951171875,1852.0799560546875,1860.0,0
2026-07-24 16:00:00+00:00,1860.0400390625,1864.5,1851.5999755859375,1855.6600341796875,217109504
2026-07-24 17:00:00+00:00,1855.5400390625,1865.0,1853.0999755859375,1864.9000244140625,82874368
2026-07-24 18:00:00+00:00,1865.0699462890625,1865.0699462890625,1856.6600341796875,1860.800048828125,0
2026-07-24 19:00:00+00:00,1861.43994140625,1862.6199951171875,1856.1700439453125,1862.030029296875,0
2026-07-24 20:00:00+00:00,1861.9000244140625,1863.6700439453125,1856.56005859375,1859.22998046875,0
2026-07-24 21:00:00+00:00,1859.2099609375,1859.6400146484375,1855.3599853515625,1855.6199951171875,0
2026-07-24 22:00:00+00:00,1855.6199951171875,1859.969970703125,1855.02001953125,1857.6800537109375,0
2026-07-24 23:00:00+00:00,1857.6700439453125,1861.050048828125,1857.199951171875,1859.8800048828125,98689024
2026-07-25 00:00:00+00:00,1859.8800048828125,1862.989990234375,1855.800048828125,1858.510009765625,0
2026-07-25 01:00:00+00:00,1858.510009765625,1862.0400390625,1856.6099853515625,1858.1300048828125,0
2026-07-25 02:00:00+00:00,1858.5999755859375,1860.1099853515625,1856.4300537109375,1857.9000244140625,0
2026-07-25 03:00:00+00:00,1857.8199462890625,1858.9200439453125,1854.72998046875,1856.9200439453125,0
2026-07-25 04:00:00+00:00,1856.8299560546875,1860.949951171875,1856.8299560546875,1859.6199951171875,0
2026-07-25 05:00:00+00:00,1859.6300048828125,1861.3599853515625,1855.1600341796875,1856.6400146484375,109081600
2026-07-25 06:00:00+00:00,1856.5799560546875,1858.550048828125,1853.1500244140625,1857.1800537109375,0
2026-07-25 07:00:00+00:00,1856.9000244140625,1857.1199951171875,1854.489990234375,1854.489990234375,0
2026-07-25 08:00:00+00:00,1854.4200439453125,1854.47998046875,1849.6800537109375,1852.0799560546875,0
2026-07-25 09:00:00+00:00,1852.3299560546875,1857.1600341796875,1850.2099609375,1856.5400390625,0
2026-07-25 10:00:00+00:00,1856.75,1857.489990234375,1854.739990234375,1856.77001953125,3575296
2026-07-25 11:00:00+00:00,1856.77001953125,1858.199951171875,1855.8399658203125,1856.06005859375,0
2026-07-25 12:00:00+00:00,1856.0899658203125,1858.5799560546875,1855.0999755859375,1858.3699951171875,0
2026-07-25 13:00:00+00:00,1858.3599853515625,1869.300048828125,1857.8800048828125,1865.260009765625,0
2026-07-25 14:00:00+00:00,1865.52001953125,1867.489990234375,1863.510009765625,1867.050048828125,0
2026-07-25 15:00:00+00:00,1866.8599853515625,1869.5999755859375,1865.4000244140625,1866.0999755859375,0
2026-07-25 16:00:00+00:00,1866.2099609375,1868.75,1862.97998046875,1866.3299560546875,0
2026-07-25 17:00:00+00:00,1866.5999755859375,1872.6600341796875,1866.25,1871.3599853515625,0
2026-07-25 18:00:00+00:00,1871.6300048828125,1874.6199951171875,1870.530029296875,1873.7099609375,36657152
2026-07-25 19:00:00+00:00,1873.699951171875,1874.8499755859375,1872.6099853515625,1873.06005859375,0
2026-07-25 20:00:00+00:00,1873.3900146484375,1873.3900146484375,1868.8599853515625,1870.5,0
2026-07-25 21:00:00+00:00,1870.510009765625,1872.68994140625,1866.1300048828125,1870.989990234375,0
2026-07-25 22:00:00+00:00,1870.97998046875,1875.3599853515625,1870.5,1874.31005859375,0
2026-07-25 23:00:00+00:00,1874.3800048828125,1874.6800537109375,1871.5999755859375,1873.050048828125,41482240
2026-07-26 00:00:00+00:00,1873.010009765625,1879.5899658203125,1872.1600341796875,1879.4000244140625,0
2026-07-26 01:00:00+00:00,1879.6800537109375,1879.9599609375,1876.1199951171875,1877.0400390625,41125120
2026-07-26 02:00:00+00:00,1877.1300048828125,1879.77001953125,1875.5,1879.1400146484375,0
2026-07-26 03:00:00+00:00,1879.1500244140625,1882.4000244140625,1877.2900390625,1880.43994140625,0
2026-07-26 04:00:00+00:00,1881.1600341796875,1887.43994140625,1878.6400146484375,1884.6800537109375,79518976
2026-07-26 05:00:00+00:00,1884.8299560546875,1885.780029296875,1881.739990234375,1881.8399658203125,0
2026-07-26 06:00:00+00:00,1881.719970703125,1883.6300048828125,1876.9100341796875,1883.3800048828125,82647552
2026-07-26 07:00:00+00:00,1883.6300048828125,1884.6199951171875,1878.989990234375,1879.8499755859375,28114944
2026-07-26 08:00:00+00:00,1879.8699951171875,1880.8800048828125,1877.6400146484375,1879.8299560546875,0
2026-07-26 09:00:00+00:00,1879.8399658203125,1884.0,1879.6500244140625,1882.0899658203125,0
2026-07-26 10:00:00+00:00,1882.27001953125,1885.8599853515625,1880.699951171875,1884.3199462890625,0
2026-07-26 11:00:00+00:00,1884.2099609375,1886.0899658203125,1883.0400390625,1884.2099609375,0
2026-07-26 12:00:00+00:00,1884.4100341796875,1891.77001953125,1883.81005859375,1884.8599853515625,66813952
2026-07-26 13:00:00+00:00,1884.8399658203125,1887.22998046875,1880.550048828125,1885.010009765625,0
2026-07-26 14:00:00+00:00,1885.0699462890625,1897.8399658203125,1885.0699462890625,1896.93994140625,179477760
2026-07-26 15:00:00+00:00,1897.5799560546875,1914.7099609375,1896.239990234375,1913.2900390625,322856192
2026-07-26 16:00:00+00:00,1914.5899658203125,1925.3599853515625,1907.280029296875,1914.6099853515625,341092864
2026-07-26 17:00:00+00:00,1914.489990234375,1916.030029296875,1909.0999755859375,1909.3499755859375,94464512
2026-07-26 18:00:00+00:00,1909.300048828125,1914.4300537109375,1909.300048828125,1912.739990234375,0
2026-07-26 19:00:00+00:00,1912.739990234375,1914.18994140625,1910.2099609375,1912.3599853515625,40250880
2026-07-26 20:00:00+00:00,1912.550048828125,1913.0,1909.699951171875,1912.02001953125,11354112
2026-07-26 21:00:00+00:00,1912.02001953125,1928.25,1912.02001953125,1924.0899658203125,208066048
2026-07-26 22:00:00+00:00,1925.77001953125,1950.97998046875,1925.77001953125,1947.9100341796875,661330944
2026-07-26 23:00:00+00:00,1949.760009765625,1963.81005859375,1945.469970703125,1952.9300537109375,828711936
2026-07-27 00:00:00+00:00,1953.0,1953.0,1937.7099609375,1940.6300048828125,389862400
2026-07-27 01:00:00+00:00,1940.719970703125,1946.3699951171875,1934.3199462890625,1946.300048828125,168356352
2026-07-27 02:00:00+00:00,1946.52001953125,1947.5999755859375,1939.9599609375,1941.5999755859375,346457088
2026-07-27 03:00:00+00:00,1941.719970703125,1948.219970703125,1940.6400146484375,1948.02001953125,121448448
2026-07-27 04:00:00+00:00,1948.06005859375,1959.9000244140625,1946.8900146484375,1951.5400390625,319176704
2026-07-27 05:00:00+00:00,1951.760009765625,1967.8800048828125,1950.5999755859375,1963.9300537109375,371980800
2026-07-27 06:00:00+00:00,1963.9200439453125,1975.6199951171875,1962.0,1966.77001953125,718934528
2026-07-27 07:00:00+00:00,1965.9599609375,1970.0,1960.260009765625,1962.68994140625,464848896
2026-07-27 08:00:00+00:00,1964.0999755859375,1966.9000244140625,1960.5,1963.300048828125,424756224
2026-07-27 09:00:00+00:00,1961.5999755859375,1966.6400146484375,1955.469970703125,1963.4200439453125,310681600
2026-07-27 10:00:00+00:00,1963.0,1970.199951171875,1961.780029296875,1965.9200439453125,156864512
2026-07-27 11:00:00+00:00,1965.4000244140625,1965.4000244140625,1956.43994140625,1957.97998046875,123882496
2026-07-27 12:00:00+00:00,1957.699951171875,1963.030029296875,1942.010009765625,1955.5799560546875,426284032
2026-07-27 13:00:00+00:00,1955.97998046875,1975.699951171875,1948.9000244140625,1959.0899658203125,527452160
2026-07-27 14:00:00+00:00,1959.4599609375,1963.93994140625,1918.199951171875,1930.1700439453125,1285338112
2026-07-27 15:00:00+00:00,1930.3699951171875,1935.699951171875,1923.22998046875,1925.43994140625,82865152
2026-07-27 16:00:00+00:00,1925.8800048828125,1944.5899658203125,1921.300048828125,1938.5,0
2026-07-27 17:00:00+00:00,1938.02001953125,1944.1700439453125,1933.0,1941.9000244140625,162603008
2026-07-27 18:00:00+00:00,1942.1400146484375,1942.5799560546875,1927.1500244140625,1937.199951171875,217550848
2026-07-27 19:00:00+00:00,1937.199951171875,1953.6199951171875,1935.530029296875,1946.8399658203125,340981760
2026-07-27 20:00:00+00:00,1948.1700439453125,1948.4000244140625,1941.56005859375,1945.0,140779520
2026-07-27 21:00:00+00:00,1944.949951171875,1948.199951171875,1939.199951171875,1940.0,171491328
2026-07-27 22:00:00+00:00,1939.989990234375,1939.989990234375,1890.0799560546875,1892.1099853515625,0
2026-07-27 23:00:00+00:00,1890.449951171875,1894.219970703125,1881.9100341796875,1890.6700439453125,263668736
2026-07-28 00:00:00+00:00,1891.27001953125,1892.5999755859375,1876.1700439453125,1877.31005859375,66597888
2026-07-28 01:00:00+00:00,1877.699951171875,1880.989990234375,1865.199951171875,1874.1300048828125,351315968
2026-07-28 02:00:00+00:00,1873.5899658203125,1878.6300048828125,1870.8399658203125,1874.0,0
2026-07-28 03:00:00+00:00,1873.8599853515625,1881.22998046875,1871.5,1879.4100341796875,129515520
2026-07-28 04:00:00+00:00,1879.22998046875,1880.800048828125,1874.6600341796875,1877.3699951171875,0
2026-07-28 05:00:00+00:00,1877.3399658203125,1887.6099853515625,1876.7099609375,1881.31005859375,69163008
2026-07-28 06:00:00+00:00,1881.2099609375,1886.6199951171875,1876.699951171875,1886.6199951171875,0
2026-07-28 07:00:00+00:00,1886.52001953125,1886.8699951171875,1878.0999755859375,1881.8800048828125,0
2026-07-28 08:00:00+00:00,1881.300048828125,1883.6600341796875,1878.1099853515625,1882.489990234375,0
2026-07-28 09:00:00+00:00,1882.1600341796875,1882.9300537109375,1872.510009765625,1874.260009765625,0
2026-07-28 10:00:00+00:00,1873.699951171875,1879.25,1872.010009765625,1876.9200439453125,115728384
2026-07-28 11:00:00+00:00,1877.25,1880.22998046875,1869.75,1874.7900390625,4285440
2026-07-28 12:00:00+00:00,1874.8199462890625,1891.239990234375,1872.510009765625,1890.4000244140625,0
2026-07-28 13:00:00+00:00,1891.199951171875,1894.31005859375,1856.0400390625,1872.0999755859375,0
2026-07-28 14:00:00+00:00,1872.699951171875,1891.1400146484375,1865.6400146484375,1886.8399658203125,0
2026-07-28 15:00:00+00:00,1886.5899658203125,1922.199951171875,1882.6600341796875,1918.219970703125,532026368
2026-07-28 16:00:00+00:00,1917.8299560546875,1926.300048828125,1912.6199951171875,1924.010009765625,92654592
2026-07-28 17:00:00+00:00,1923.4000244140625,1923.4000244140625,1892.06005859375,1899.800048828125,264315904
2026-07-28 18:00:00+00:00,1899.489990234375,1912.530029296875,1899.489990234375,1908.81005859375,0
2026-07-28 19:00:00+00:00,1909.31005859375,1920.239990234375,1909.2900390625,1919.6400146484375,0
2026-07-28 20:00:00+00:00,1921.3299560546875,1921.8299560546875,1914.3900146484375,1916.1099853515625,126917632
2026-07-28 21:00:00+00:00,1916.300048828125,1925.0999755859375,1916.02001953125,1921.7099609375,0
2026-07-28 22:00:00+00:00,1922.550048828125,1924.6600341796875,1907.8499755859375,1909.760009765625,0
2026-07-28 23:00:00+00:00,1909.6099853515625,1920.800048828125,1902.010009765625,1920.0,13274112
2026-07-29 00:00:00+00:00,1920.0,1926.449951171875,1914.550048828125,1914.800048828125,0
2026-07-29 01:00:00+00:00,1914.4599609375,1915.8299560546875,1902.5899658203125,1903.3900146484375,0
2026-07-29 02:00:00+00:00,1903.0999755859375,1917.1199951171875,1899.0999755859375,1908.4000244140625,81712128
2026-07-29 03:00:00+00:00,1907.9000244140625,1910.5,1888.4100341796875,1890.1600341796875,74291200
2026-07-29 04:00:00+00:00,1890.43994140625,1903.2900390625,1882.18994140625,1903.0699462890625,203353088
2026-07-29 05:00:00+00:00,1903.239990234375,1912.6800537109375,1901.6099853515625,1910.219970703125,114354176
2026-07-29 06:00:00+00:00,1910.22998046875,1918.9000244140625,1906.5699462890625,1917.81005859375,25841664
2026-07-29 07:00:00+00:00,1918.5699462890625,1922.0999755859375,1911.81005859375,1921.280029296875,0
2026-07-29 08:00:00+00:00,1922.3299560546875,1922.9000244140625,1909.8199462890625,1912.8599853515625,0
2026-07-29 09:00:00+00:00,1912.8699951171875,1922.3399658203125,1912.699951171875,1919.97998046875,159523840
2026-07-29 10:00:00+00:00,1920.0899658203125,1920.1700439453125,1908.56005859375,1909.8299560546875,0
2026-07-29 11:00:00+00:00,1909.780029296875,1914.9000244140625,1908.3800048828125,1913.010009765625,81691648
2026-07-29 12:00:00+00:00,1912.989990234375,1912.989990234375,1901.280029296875,1902.9300537109375,0
2026-07-29 13:00:00+00:00,1902.77001953125,1908.6700439453125,1895.969970703125,1907.300048828125,0
2026-07-29 14:00:00+00:00,1907.3199462890625,1909.300048828125,1889.0,1892.6500244140625,0
2026-07-29 15:00:00+00:00,1892.800048828125,1896.0,1884.77001953125,1889.81005859375,0
2026-07-29 16:00:00+00:00,1889.699951171875,1896.050048828125,1885.2900390625,1892.7099609375,0
2026-07-29 17:00:00+00:00,1892.530029296875,1913.739990234375,1892.0999755859375,1913.739990234375,0
2026-07-29 18:00:00+00:00,1923.8199462890625,1931.68994140625,1892.25,1918.199951171875,984586240
2026-07-29 19:00:00+00:00,1918.699951171875,1920.4000244140625,1882.7900390625,1886.6199951171875,455238656
2026-07-29 20:00:00+00:00,1886.02001953125,1889.5,1876.5,1882.469970703125,367219712
2026-07-29 21:00:00+00:00,1882.010009765625,1896.050048828125,1872.25,1896.050048828125,172947456
2026-07-29 22:00:00+00:00,1896.18994140625,1909.0899658203125,1896.18994140625,1904.7099609375,187397120
2026-07-29 23:00:00+00:00,1904.760009765625,1910.719970703125,1900.199951171875,1908.47998046875,0
2026-07-30 00:00:00+00:00,1908.68994140625,1912.5999755859375,1891.68994140625,1895.8299560546875,0
2026-07-30 01:00:00+00:00,1897.0999755859375,1918.800048828125,1895.31005859375,1914.300048828125,362924032
2026-07-30 02:00:00+00:00,1914.7900390625,1917.489990234375,1907.8800048828125,1908.5,0
2026-07-30 03:00:00+00:00,1908.5400390625,1912.6199951171875,1905.199951171875,1907.5400390625,0
2026-07-30 04:00:00+00:00,1908.0999755859375,1908.1800537109375,1899.1199951171875,1899.3199462890625,0
2026-07-30 05:00:00+00:00,1899.3199462890625,1907.050048828125,1897.699951171875,1903.800048828125,0
2026-07-30 06:00:00+00:00,1903.780029296875,1904.050048828125,1896.8399658203125,1898.5999755859375,0
2026-07-30 07:00:00+00:00,1898.5999755859375,1905.25,1897.6400146484375,1900.4599609375,0
2026-07-30 08:00:00+00:00,1900.9100341796875,1915.300048828125,1897.9100341796875,1912.5999755859375,0
2026-07-30 09:00:00+00:00,1912.68994140625,1920.3900146484375,1911.5999755859375,1915.489990234375,0
2026-07-30 10:00:00+00:00,1915.489990234375,1919.3499755859375,1914.3299560546875,1915.9100341796875,0
2026-07-30 11:00:00+00:00,1916.0799560546875,1923.5,1914.1300048828125,1920.550048828125,0
2026-07-30 12:00:00+00:00,1921.0799560546875,1924.6300048828125,1917.5400390625,1922.8900146484375,171310080
2026-07-30 13:00:00+00:00,1923.1099853515625,1934.1500244140625,1914.739990234375,1927.8900146484375,0
2026-07-30 14:00:00+00:00,1927.5699462890625,1928.0999755859375,1912.1800537109375,1915.6800537109375,0
2026-07-30 15:00:00+00:00,1916.1199951171875,1922.1400146484375,1912.199951171875,1916.699951171875,0
2026-07-30 16:00:00+00:00,1917.010009765625,1923.9599609375,1913.68994140625,1917.47998046875,0
2026-07-30 17:00:00+00:00,1917.6099853515625,1923.5400390625,1914.27001953125,1918.6800537109375,0
2026-07-30 18:00:00+00:00,1918.6800537109375,1920.6099853515625,1913.1099853515625,1914.260009765625,0
2026-07-30 19:00:00+00:00,1914.239990234375,1927.47998046875,1913.97998046875,1922.0799560546875,0
2026-07-30 20:00:00+00:00,1921.8499755859375,1925.449951171875,1918.199951171875,1919.56005859375,0
2026-07-30 21:00:00+00:00,1919.780029296875,1922.800048828125,1915.6800537109375,1916.8900146484375,0
2026-07-30 22:00:00+00:00,1916.1400146484375,1931.510009765625,1914.3699951171875,1924.1199951171875,0
2026-07-30 23:00:00+00:00,1923.8499755859375,1934.989990234375,1916.3599853515625,1916.8199462890625,17281024
2026-07-31 00:00:00+00:00,1917.3199462890625,1920.6600341796875,1913.5,1914.9599609375,81329152
2026-07-31 01:00:00+00:00,1916.030029296875,1934.0,1905.6400146484375,1908.300048828125,27914240
2026-07-31 02:00:00+00:00,1907.8399658203125,1910.3499755859375,1899.8499755859375,1902.1800537109375,0
2026-07-31 03:00:00+00:00,1902.06005859375,1909.6500244140625,1898.1600341796875,1906.81005859375,166995456
2026-07-31 04:00:00+00:00,1906.800048828125,1907.5,1901.3299560546875,1903.9200439453125,1340928
2026-07-31 05:00:00+00:00,1904.0799560546875,1907.3699951171875,1899.56005859375,1904.4000244140625,0
2026-07-31 06:00:00+00:00,1904.27001953125,1908.8800048828125,1898.510009765625,1900.800048828125,0
2026-07-31 07:00:00+00:00,1900.02001953125,1900.800048828125,1882.97998046875,1888.239990234375,304601600
2026-07-31 08:00:00+00:00,1888.0,1891.43994140625,1885.9300537109375,1888.6199951171875,52593664
2026-07-31 09:00:00+00:00,1888.8900146484375,1889.510009765625,1879.780029296875,1881.9300537109375,172704256
2026-07-31 10:00:00+00:00,1881.699951171875,1888.0999755859375,1876.0799560546875,1885.1800537109375,27882496
2026-07-31 11:00:00+00:00,1885.4000244140625,1887.97998046875,1880.699951171875,1882.5999755859375,71213056
2026-07-31 12:00:00+00:00,1882.5,1882.530029296875,1871.510009765625,1880.56005859375,24862720
2026-07-31 13:00:00+00:00,1880.760009765625,1888.5899658203125,1862.5899658203125,1864.3299560546875,129944576
2026-07-31 14:00:00+00:00,1864.3800048828125,1867.7099609375,1846.260009765625,1857.300048828125,909045760
2026-07-31 15:00:00+00:00,1857.4000244140625,1863.9200439453125,1852.1500244140625,1860.56005859375,387885056
2026-07-31 16:00:00+00:00,1860.5400390625,1865.030029296875,1858.8599853515625,1862.97998046875,157527040
2026-07-31 17:00:00+00:00,1862.5999755859375,1876.2099609375,1861.4200439453125,1873.27001953125,120282112
2026-07-31 18:00:00+00:00,1873.0799560546875,1874.97998046875,1863.0799560546875,1869.780029296875,0
2026-07-31 19:00:00+00:00,1870.0999755859375,1872.3299560546875,1863.43994140625,1866.52001953125,80942080
2026-07-31 20:00:00+00:00,1865.969970703125,1868.6600341796875,1859.550048828125,1860.4000244140625,0
2026-07-31 21:00:00+00:00,1860.1300048828125,1862.8800048828125,1857.3199462890625,1860.0,123307008
2026-07-31 22:00:00+00:00,1860.199951171875,1863.760009765625,1856.9599609375,1859.6300048828125,0
2026-07-31 23:00:00+00:00,1859.8499755859375,1863.02001953125,1859.18994140625,1860.6400146484375,0
2026-08-01 00:00:00+00:00,1860.8699951171875,1865.8499755859375,1860.6400146484375,1862.8599853515625,0
2026-08-01 01:00:00+00:00,1862.8599853515625,1865.6099853515625,1862.8599853515625,1865.1600341796875,0
2026-08-01 02:00:00+00:00,1865.3900146484375,1868.199951171875,1864.9200439453125,1866.5699462890625,0
2026-08-01 03:00:00+00:00,1866.4200439453125,1868.1199951171875,1864.8399658203125,1868.0899658203125,0
2026-08-01 04:00:00+00:00,1868.0999755859375,1868.77001953125,1866.1800537109375,1867.9100341796875,0
2026-08-01 05:00:00+00:00,1867.9000244140625,1869.280029296875,1863.510009765625,1865.5799560546875,0
2026-08-01 06:00:00+00:00,1865.5799560546875,1869.0899658203125,1864.68994140625,1868.530029296875,0
2026-08-01 07:00:00+00:00,1868.8800048828125,1870.0899658203125,1866.5899658203125,1867.6800537109375,0
2026-08-01 08:00:00+00:00,1867.800048828125,1868.3900146484375,1865.760009765625,1867.5999755859375,0
2026-08-01 09:00:00+00:00,1868.4000244140625,1869.02001953125,1865.9200439453125,1865.9200439453125,0
2026-08-01 10:00:00+00:00,1866.4300537109375,1867.1800537109375,1861.31005859375,1865.5799560546875,0
2026-08-01 11:00:00+00:00,1865.31005859375,1866.050048828125,1864.1199951171875,1865.18994140625,0
2026-08-01 12:00:00+00:00,1865.1600341796875,1868.0999755859375,1865.1600341796875,1867.1800537109375,0
2026-08-01 13:00:00+00:00,1867.010009765625,1867.800048828125,1865.9599609375,1867.3900146484375,0
2026-08-01 14:00:00+00:00,1867.5400390625,1873.449951171875,1867.4300537109375,1873.4100341796875,0
2026-08-01 15:00:00+00:00,1873.550048828125,1873.699951171875,1868.260009765625,1868.260009765625,0
2026-08-01 16:00:00+00:00,1868.4599609375,1871.7099609375,1864.7900390625,1867.18994140625,0
2026-08-01 17:00:00+00:00,1867.1199951171875,1868.5999755859375,1856.3499755859375,1860.469970703125,0
2026-08-01 18:00:00+00:00,1859.97998046875,1861.31005859375,1820.6600341796875,1835.300048828125,586052096
2026-08-01 19:00:00+00:00,1834.5999755859375,1838.8900146484375,1833.02001953125,1835.550048828125,203839488
2026-08-01 20:00:00+00:00,1835.3199462890625,1838.6199951171875,1831.300048828125,1836.6199951171875,0
2026-08-01 21:00:00+00:00,1836.489990234375,1844.1199951171875,1835.1400146484375,1844.030029296875,26910208
2026-08-01 22:00:00+00:00,1844.4000244140625,1847.489990234375,1842.93994140625,1845.5,0
2026-08-01 23:00:00+00:00,1845.5,1847.300048828125,1841.6099853515625,1843.1800537109375,3053568
2026-08-02 00:00:00+00:00,1843.3900146484375,1847.9000244140625,1842.010009765625,1844.800048828125,18446336
2026-08-02 01:00:00+00:00,1845.3800048828125,1856.739990234375,1845.199951171875,1855.1099853515625,203577344
2026-08-02 02:00:00+00:00,1855.1700439453125,1882.0,1854.31005859375,1874.9300537109375,475313664
2026-08-02 03:00:00+00:00,1875.5999755859375,1878.469970703125,1872.6300048828125,1875.510009765625,161372672
2026-08-02 04:00:00+00:00,1876.0,1880.219970703125,1876.0,1879.2099609375,113668096
2026-08-02 05:00:00+00:00,1879.010009765625,1880.800048828125,1873.3800048828125,1874.5899658203125,10812928
2026-08-02 06:00:00+00:00,1874.6500244140625,1877.1099853515625,1873.1199951171875,1875.6400146484375,102881280
2026-08-02 07:00:00+00:00,1875.550048828125,1876.81005859375,1873.699951171875,1874.050048828125,11110912
2026-08-02 08:00:00+00:00,1874.43994140625,1876.989990234375,1865.4300537109375,1866.2099609375,107475968
2026-08-02 09:00:00+00:00,1866.3399658203125,1871.1400146484375,1861.0,1869.1199951171875,108586496
2026-08-02 10:00:00+00:00,1868.9000244140625,1869.3199462890625,1863.6700439453125,1866.8499755859375,0
2026-08-02 11:00:00+00:00,1866.8299560546875,1867.699951171875,1847.3299560546875,1850.800048828125,68862464
2026-08-02 12:00:00+00:00,1851.3699951171875,1858.3599853515625,1851.199951171875,1855.3599853515625,121110528
2026-08-02 13:00:00+00:00,1854.7099609375,1856.300048828125,1850.8299560546875,1853.0,33031168
2026-08-02 14:00:00+00:00,1852.7099609375,1856.9100341796875,1850.4000244140625,1853.02001953125,0
2026-08-02 15:00:00+00:00,1853.06005859375,1859.510009765625,1852.1800537109375,1857.1199951171875,66339328
2026-08-02 16:00:00+00:00,1857.3299560546875,1863.6199951171875,1854.3900146484375,1861.31005859375,16253952
2026-08-02 17:00:00+00:00,1861.1500244140625,1868.1800537109375,1860.4200439453125,1866.800048828125,0
2026-08-02 18:00:00+00:00,1866.739990234375,1884.6400146484375,1866.3599853515625,1873.8399658203125,0
2026-08-02 19:00:00+00:00,1873.6300048828125,1881.7900390625,1872.699951171875,1880.06005859375,0
2026-08-02 20:00:00+00:00,1880.7099609375,1883.550048828125,1877.68994140625,1881.6800537109375,0
2026-08-02 21:00:00+00:00,1881.7099609375,1895.9100341796875,1880.1099853515625,1888.3800048828125,56697856
2026-08-02 22:00:00+00:00,1891.9000244140625,1895.8599853515625,1878.93994140625,1879.9300537109375,292580352
2026-08-02 23:00:00+00:00,1879.6800537109375,1883.4000244140625,1874.3699951171875,1883.3499755859375,54201856
2026-08-03 00:00:00+00:00,1883.1600341796875,1883.8299560546875,1870.0400390625,1871.6199951171875,5482496
2026-08-03 01:00:00+00:00,1871.0,1873.3299560546875,1863.6099853515625,1864.9200439453125,0
2026-08-03 02:00:00+00:00,1864.6400146484375,1869.56005859375,1860.6400146484375,1862.0,0
2026-08-03 03:00:00+00:00,1861.4000244140625,1863.280029296875,1849.9000244140625,1855.0899658203125,17847808
2026-08-03 04:00:00+00:00,1854.4200439453125,1860.699951171875,1852.4100341796875,1852.5699462890625,0
2026-08-03 05:00:00+00:00,1852.800048828125,1858.5,1851.31005859375,1857.530029296875,0
2026-08-03 06:00:00+00:00,1857.56005859375,1858.6600341796875,1844.1400146484375,1846.72998046875,146952704
2026-08-03 07:00:00+00:00,1847.0799560546875,1847.52001953125,1838.199951171875,1841.4300537109375,294221312
2026-08-03 08:00:00+00:00,1841.3499755859375,1843.0999755859375,1826.75,1837.8499755859375,294172160
2026-08-03 09:00:00+00:00,1838.0,1851.1099853515625,1836.800048828125,1850.1099853515625,118859776
2026-08-03 10:00:00+00:00,1850.199951171875,1851.9599609375,1839.4200439453125,1843.6800537109375,209410560
2026-08-03 11:00:00+00:00,1844.18994140625,1845.3900146484375,1836.2900390625,1837.4000244140625,0
2026-08-03 12:00:00+00:00,1837.1199951171875,1843.0400390625,1834.0999755859375,1841.22998046875,80814592
2026-08-03 13:00:00+00:00,1841.0999755859375,1858.1199951171875,1836.18994140625,1856.9000244140625,200932352
2026-08-03 14:00:00+00:00,1856.719970703125,1871.9000244140625,1849.06005859375,1871.699951171875,774017536
2026-08-03 15:00:00+00:00,1871.800048828125,1872.0,1858.6199951171875,1861.0999755859375,459297792
2026-08-03 16:00:00+00:00,1861.719970703125,1870.43994140625,1859.800048828125,1864.3199462890625,211464192
2026-08-03 17:00:00+00:00,1864.5999755859375,1872.3299560546875,1861.6800537109375,1867.1300048828125,60142080
2026-08-03 18:00:00+00:00,1867.1300048828125,1872.1300048828125,1865.030029296875,1867.0,0
2026-08-03 19:00:00+00:00,1867.3599853515625,1874.739990234375,1866.6600341796875,1868.5699462890625,68942336
2026-08-03 20:00:00+00:00,1868.6700439453125,1874.469970703125,1865.0,1867.52001953125,106788864
2026-08-03 21:00:00+00:00,1867.52001953125,1867.699951171875,1861.9300537109375,1862.0899658203125,0
2026-08-03 22:00:00+00:00,1861.93994140625,1864.0799560546875,1851.18994140625,1858.6300048828125,0
2026-08-03 23:00:00+00:00,1858.6199951171875,1858.8900146484375,1854.4000244140625,1858.8900146484375,3301888
2026-08-04 00:00:00+00:00,1858.9599609375,1861.4300537109375,1847.0,1849.300048828125,93094400
2026-08-04 01:00:00+00:00,1849.75,1867.239990234375,1847.6199951171875,1865.8299560546875,62714368
2026-08-04 02:00:00+00:00,1866.8599853515625,1869.52001953125,1860.52001953125,1864.3399658203125,131507712
2026-08-04 03:00:00+00:00,1864.3900146484375,1865.4300537109375,1856.6199951171875,1862.4599609375,0
2026-08-04 04:00:00+00:00,1862.43994140625,1872.739990234375,1860.3299560546875,1866.280029296875,0
2026-08-04 05:00:00+00:00,1868.800048828125,1868.800048828125,1862.4599609375,1862.6600341796875,103674880
2026-08-04 06:00:00+00:00,1862.6700439453125,1867.050048828125,1853.2099609375,1855.22998046875,141496320
2026-08-04 07:00:00+00:00,1855.219970703125,1862.72998046875,1851.43994140625,1862.0799560546875,0
2026-08-04 08:00:00+00:00,1862.010009765625,1864.06005859375,1855.0400390625,1855.760009765625,0
2026-08-04 09:00:00+00:00,1855.5,1856.8800048828125,1851.530029296875,1856.6800537109375,0
2026-08-04 10:00:00+00:00,1856.0,1870.8499755859375,1851.9000244140625,1864.9100341796875,36284928
2026-08-04 11:00:00+00:00,1865.22998046875,1872.8900146484375,1864.0799560546875,1870.8299560546875,0
2026-08-04 12:00:00+00:00,1870.81005859375,1879.7099609375,1866.3499755859375,1873.510009765625,173379584
2026-08-04 13:00:00+00:00,1873.31005859375,1875.81005859375,1857.6800537109375,1859.22998046875,0
2026-08-04 14:00:00+00:00,1859.3699951171875,1873.8900146484375,1856.47998046875,1871.1199951171875,0
2026-08-04 15:00:00+00:00,1871.1800537109375,1876.0899658203125,1860.1300048828125,1871.4100341796875,0
2026-08-04 16:00:00+00:00,1871.72998046875,1871.8900146484375,1864.010009765625,1868.219970703125,0
2026-08-04 17:00:00+00:00,1868.6700439453125,1876.239990234375,1865.6500244140625,1868.06005859375,206180352
2026-08-04 18:00:00+00:00,1867.9300537109375,1879.4100341796875,1867.9300537109375,1873.9000244140625,157648896
2026-08-04 19:00:00+00:00,1873.800048828125,1879.760009765625,1872.5999755859375,1873.6800537109375,48805888
2026-08-04 20:00:00+00:00,1874.280029296875,1878.449951171875,1864.989990234375,1875.3199462890625,68949504
2026-08-04 21:00:00+00:00,1875.3599853515625,1875.3599853515625,1870.4300537109375,1870.8800048828125,0
2026-08-04 22:00:00+00:00,1870.5999755859375,1875.510009765625,1867.2099609375,1874.1800537109375,0
2026-08-04 23:00:00+00:00,1874.280029296875,1879.6700439453125,1867.510009765625,1868.3900146484375,109638656
2026-08-05 00:00:00+00:00,1868.300048828125,1871.9000244140625,1861.9200439453125,1862.469970703125,0
2026-08-05 01:00:00+00:00,1862.5,1873.0,1859.81005859375,1871.949951171875,0
2026-08-05 02:00:00+00:00,1872.1099853515625,1876.47998046875,1870.989990234375,1872.97998046875,0
2026-08-05 03:00:00+00:00,1872.9000244140625,1874.6600341796875,1862.699951171875,1866.1300048828125,122406400
2026-08-05 04:00:00+00:00,1866.1400146484375,1867.989990234375,1863.3800048828125,1865.8199462890625,0
2026-08-05 05:00:00+00:00,1865.7099609375,1875.3599853515625,1865.530029296875,1871.969970703125,12409856
2026-08-05 06:00:00+00:00,1871.760009765625,1872.0400390625,1866.5999755859375,1868.2099609375,0
2026-08-05 07:00:00+00:00,1868.27001953125,1870.5,1861.8900146484375,1870.5,130902528
2026-08-05 08:00:00+00:00,1870.739990234375,1872.489990234375,1866.219970703125,1868.0899658203125,285144064
2026-08-05 09:00:00+00:00,1868.0999755859375,1873.0699462890625,1867.02001953125,1870.3299560546875,16984064
2026-08-05 10:00:00+00:00,1870.3199462890625,1874.31005859375,1864.5799560546875,1866.719970703125,0
2026-08-05 11:00:00+00:00,1866.6400146484375,1869.4100341796875,1865.75,1867.1099853515625,24282624
2026-08-05 12:00:00+00:00,1867.0999755859375,1883.0,1866.1400146484375,1874.5,170253824
2026-08-05 13:00:00+00:00,1874.5799560546875,1877.72998046875,1853.9200439453125,1877.1300048828125,148062208
2026-08-05 14:00:00+00:00,1876.9000244140625,1881.0,1867.6800537109375,1874.5999755859375,0
2026-08-05 15:00:00+00:00,1874.5699462890625,1881.56005859375,1871.31005859375,1872.3499755859375,0
2026-08-05 16:00:00+00:00,1872.280029296875,1895.4000244140625,1871.739990234375,1893.949951171875,307983360
2026-08-05 17:00:00+00:00,1894.6400146484375,1915.6800537109375,1889.4000244140625,1914.5,458634240
2026-08-05 18:00:00+00:00,1915.8499755859375,1925.719970703125,1912.27001953125,1916.280029296875,519928832
2026-08-05 19:00:00+00:00,1915.68994140625,1919.68994140625,1914.010009765625,1915.449951171875,109271040
2026-08-05 20:00:00+00:00,1916.1199951171875,1923.010009765625,1915.2099609375,1915.5699462890625,0
2026-08-05 21:00:00+00:00,1915.9100341796875,1915.9100341796875,1905.27001953125,1906.9200439453125,265605120
2026-08-05 22:00:00+00:00,1907.280029296875,1911.75,1904.989990234375,1905.27001953125,43073536
2026-08-05 23:00:00+00:00,1905.1199951171875,1910.43994140625,1903.0699462890625,1907.2900390625,0
2026-08-06 00:00:00+00:00,1907.739990234375,1912.300048828125,1905.56005859375,1908.8399658203125,0
2026-08-06 01:00:00+00:00,1908.550048828125,1909.300048828125,1901.6099853515625,1904.93994140625,0
2026-08-06 02:00:00+00:00,1904.280029296875,1909.0,1893.300048828125,1897.4000244140625,194154496
2026-08-06 03:00:00+00:00,1896.9599609375,1897.5799560546875,1893.6800537109375,1897.199951171875,0
2026-08-06 04:00:00+00:00,1897.010009765625,1906.4000244140625,1893.989990234375,1906.0899658203125,96081920
2026-08-06 05:00:00+00:00,1906.199951171875,1916.9100341796875,1905.5999755859375,1912.31005859375,157531136
2026-08-06 06:00:00+00:00,1912.0799560546875,1912.800048828125,1907.6600341796875,1911.6700439453125,0
2026-08-06 07:00:00+00:00,1911.6700439453125,1913.199951171875,1905.3499755859375,1907.3399658203125,0
2026-08-06 08:00:00+00:00,1907.5,1916.8699951171875,1906.43994140625,1914.1600341796875,0
2026-08-06 09:00:00+00:00,1914.18994140625,1914.6600341796875,1902.7900390625,1905.6600341796875,165274624
2026-08-06 10:00:00+00:00,1905.6500244140625,1905.6500244140625,1899.5699462890625,1900.0799560546875,57644032
2026-08-06 11:00:00+00:00,1900.719970703125,1907.4599609375,1894.949951171875,1905.8399658203125,65696768
2026-08-06 12:00:00+00:00,1905.719970703125,1906.1199951171875,1896.43994140625,1896.75,0
2026-08-06 13:00:00+00:00,1896.8199462890625,1909.550048828125,1890.699951171875,1905.8199462890625,0
2026-08-06 14:00:00+00:00,1905.6500244140625,1916.1600341796875,1901.9100341796875,1913.239990234375,0
2026-08-06 15:00:00+00:00,1913.3800048828125,1918.050048828125,1909.02001953125,1909.1199951171875,63522816
2026-08-06 16:00:00+00:00,1909.6199951171875,1914.77001953125,1906.93994140625,1914.010009765625,0
2026-08-06 17:00:00+00:00,1914.510009765625,1917.0699462890625,1908.6300048828125,1912.4200439453125,0
2026-08-06 18:00:00+00:00,1912.52001953125,1912.5999755859375,1902.43994140625,1904.4300537109375,0
2026-08-06 19:00:00+00:00,1905.06005859375,1909.6400146484375,1904.280029296875,1908.47998046875,100898816
2026-08-06 20:00:00+00:00,1908.4100341796875,1909.550048828125,1904.4100341796875,1905.6600341796875,0
2026-08-06 21:00:00+00:00,1905.6500244140625,1908.0,1904.4100341796875,1904.56005859375,0
2026-08-06 22:00:00+00:00,1904.9200439453125,1905.9000244140625,1900.8900146484375,1903.6600341796875,0
2026-08-06 23:00:00+00:00,1903.3299560546875,1904.3399658203125,1897.1300048828125,1902.4200439453125,0
2026-08-07 00:00:00+00:00,1902.0400390625,1903.800048828125,1898.1099853515625,1902.18994140625,0
2026-08-07 01:00:00+00:00,1902.4000244140625,1905.8199462890625,1897.52001953125,1901.780029296875,6094336
2026-08-07 02:00:00+00:00,1901.4000244140625,1906.5999755859375,1896.5,1900.97998046875,0
2026-08-07 03:00:00+00:00,1900.8499755859375,1902.1300048828125,1895.0999755859375,1895.6500244140625,16307200
2026-08-07 04:00:00+00:00,1895.3499755859375,1898.9100341796875,1892.8699951171875,1895.6500244140625,0
2026-08-07 05:00:00+00:00,1895.6400146484375,1900.6500244140625,1893.8900146484375,1899.81005859375,0
2026-08-07 06:00:00+00:00,1899.7099609375,1906.0899658203125,1898.6300048828125,1903.0400390625,9626112
2026-08-07 07:00:00+00:00,1902.699951171875,1905.780029296875,1900.9300537109375,1900.9300537109375,36270592
2026-08-07 08:00:00+00:00,1900.4599609375,1912.4000244140625,1900.4599609375,1909.3599853515625,19869696
2026-08-07 09:00:00+00:00,1909.27001953125,1916.300048828125,1909.0,1911.800048828125,306621440
2026-08-07 10:00:00+00:00,1912.530029296875,1914.4599609375,1911.2900390625,1911.4300537109375,209687040
2026-08-07 11:00:00+00:00,1911.4200439453125,1919.5799560546875,1911.4000244140625,1914.8900146484375,92592128
2026-08-07 12:00:00+00:00,1914.989990234375,1940.6500244140625,1914.969970703125,1930.989990234375,724672512
2026-08-07 13:00:00+00:00,1931.4000244140625,1933.6099853515625,1920.3199462890625,1921.3800048828125,0
2026-08-07 14:00:00+00:00,1922.1600341796875,1925.1700439453125,1909.4599609375,1912.1099853515625,94260224
2026-08-07 15:00:00+00:00,1912.0400390625,1919.6600341796875,1911.5,1916.5899658203125,0
2026-08-07 16:00:00+00:00,1917.0400390625,1923.8699951171875,1908.010009765625,1908.010009765625,0
2026-08-07 17:00:00+00:00,1907.9000244140625,1911.5699462890625,1904.3399658203125,1911.010009765625,222541824
2026-08-07 18:00:00+00:00,1910.699951171875,1914.2900390625,1904.8699951171875,1908.22998046875,0
2026-08-07 19:00:00+00:00,1909.3900146484375,1919.199951171875,1909.0999755859375,1918.0999755859375,60756992
2026-08-07 20:00:00+00:00,1918.0799560546875,1919.18994140625,1913.2900390625,1913.8599853515625,10122240
2026-08-07 21:00:00+00:00,1913.7099609375,1919.1500244140625,1911.4100341796875,1915.5,3638272
2026-08-07 22:00:00+00:00,1915.0999755859375,1915.6400146484375,1912.989990234375,1913.989990234375,92615680
2026-08-07 23:00:00+00:00,1913.989990234375,1915.3299560546875,1913.0400390625,1913.1500244140625,0
2026-08-08 00:00:00+00:00,1913.1600341796875,1914.06005859375,1911.5899658203125,1913.5699462890625,0
2026-08-08 01:00:00+00:00,1913.3299560546875,1915.2900390625,1913.280029296875,1913.719970703125,0
2026-08-08 02:00:00+00:00,1913.719970703125,1913.8299560546875,1911.56005859375,1912.4599609375,0
2026-08-08 03:00:00+00:00,1912.489990234375,1918.3900146484375,1912.489990234375,1917.1099853515625,0
2026-08-08 04:00:00+00:00,1917.0999755859375,1918.52001953125,1915.2099609375,1916.2099609375,0
2026-08-08 05:00:00+00:00,1916.0999755859375,1917.949951171875,1914.8399658203125,1916.5699462890625,0
2026-08-08 06:00:00+00:00,1916.739990234375,1917.0999755859375,1915.3299560546875,1915.56005859375,0
2026-08-08 07:00:00+00:00,1915.760009765625,1915.969970703125,1913.2099609375,1914.27001953125,0
2026-08-08 08:00:00+00:00,1914.27001953125,1916.9000244140625,1913.6700439453125,1915.8800048828125,0
2026-08-08 09:00:00+00:00,1915.989990234375,1921.8499755859375,1915.0999755859375,1917.719970703125,0
2026-08-08 10:00:00+00:00,1917.72998046875,1921.6600341796875,1917.719970703125,1919.97998046875,0
2026-08-08 11:00:00+00:00,1920.0999755859375,1921.699951171875,1918.199951171875,1919.6099853515625,0
2026-08-08 12:00:00+00:00,1919.5699462890625,1921.0,1917.6099853515625,1918.0999755859375,0
2026-08-08 13:00:00+00:00,1918.1800537109375,1919.530029296875,1917.3900146484375,1918.949951171875,0
2026-08-08 14:00:00+00:00,1918.9000244140625,1924.699951171875,1918.9000244140625,1922.5999755859375,0
2026-08-08 15:00:00+00:00,1922.6500244140625,1923.2900390625,1920.239990234375,1921.239990234375,0
2026-08-08 16:00:00+00:00,1921.22998046875,1923.5899658203125,1920.4300537109375,1921.4200439453125,0
2026-08-08 17:00:00+00:00,1921.510009765625,1924.8900146484375,1920.9100341796875,1922.47998046875,0
2026-08-08 18:00:00+00:00,1922.47998046875,1922.47998046875,1918.52001953125,1920.1099853515625,0
2026-08-08 19:00:00+00:00,1920.0999755859375,1920.280029296875,1918.4000244140625,1919.1600341796875,0
2026-08-08 20:00:00+00:00,1918.6099853515625,1919.9100341796875,1918.4100341796875,1918.8399658203125,0
2026-08-08 21:00:00+00:00,1918.77001953125,1920.989990234375,1918.6300048828125,1919.239990234375,0
2026-08-08 22:00:00+00:00,1919.5999755859375,1919.9100341796875,1915.3199462890625,1915.43994140625,0
2026-08-08 23:00:00+00:00,1914.9300537109375,1917.4300537109375,1913.3299560546875,1915.4200439453125,16462336
2026-08-09 00:00:00+00:00,1915.3800048828125,1917.06005859375,1914.9200439453125,1916.510009765625,76078336
2026-08-09 01:00:00+00:00,1916.199951171875,1918.6199951171875,1911.9000244140625,1914.739990234375,0
2026-08-09 02:00:00+00:00,1914.6500244140625,1915.31005859375,1912.3399658203125,1913.4599609375,0
2026-08-09 03:00:00+00:00,1913.1600341796875,1913.4100341796875,1911.300048828125,1912.739990234375,0
2026-08-09 04:00:00+00:00,1912.6800537109375,1914.260009765625,1911.52001953125,1911.8399658203125,0
2026-08-09 05:00:00+00:00,1911.7900390625,1913.699951171875,1911.68994140625,1913.1500244140625,0
2026-08-09 06:00:00+00:00,1913.1500244140625,1918.1199951171875,1912.72998046875,1917.7099609375,66652928
2026-08-09 07:00:00+00:00,1917.7099609375,1917.9000244140625,1915.5899658203125,1917.5,64210688
2026-08-09 08:00:00+00:00,1917.6199951171875,1923.4000244140625,1912.8800048828125,1914.47998046875,100525312
2026-08-09 09:00:00+00:00,1914.300048828125,1919.9000244140625,1912.010009765625,1919.8299560546875,0
2026-08-09 10:00:00+00:00,1919.8499755859375,1921.0999755859375,1918.199951171875,1918.719970703125,56940800
2026-08-09 11:00:00+00:00,1918.9100341796875,1919.8599853515625,1917.1199951171875,1917.9300537109375,0
2026-08-09 12:00:00+00:00,1917.9300537109375,1917.989990234375,1915.280029296875,1916.27001953125,0
2026-08-09 13:00:00+00:00,1916.5999755859375,1924.280029296875,1916.469970703125,1921.989990234375,156312064
2026-08-09 14:00:00+00:00,1922.1400146484375,1924.9000244140625,1921.1700439453125,1923.489990234375,0
2026-08-09 15:00:00+00:00,1923.6700439453125,1925.0,1922.7099609375,1924.6400146484375,0
2026-08-09 16:00:00+00:00,1924.9300537109375,1924.969970703125,1920.2099609375,1922.7099609375,7517696
2026-08-09 17:00:00+00:00,1922.68994140625,1923.760009765625,1921.6700439453125,1921.6700439453125,0
2026-08-09 18:00:00+00:00,1921.6700439453125,1922.5699462890625,1919.0999755859375,1920.0999755859375,0
2026-08-09 19:00:00+00:00,1920.1300048828125,1921.22998046875,1919.81005859375,1920.56005859375,0
2026-08-09 20:00:00+00:00,1920.5699462890625,1920.9300537109375,1916.7099609375,1919.780029296875,20310272
2026-08-09 21:00:00+00:00,1919.7900390625,1924.93994140625,1918.5,1923.219970703125,34385408
2026-08-09 22:00:00+00:00,1923.9599609375,1936.22998046875,1914.0,1918.280029296875,350231808
2026-08-09 23:00:00+00:00,1917.800048828125,1919.0799560546875,1906.4100341796875,1909.0899658203125,265708544
2026-08-10 00:00:00+00:00,1908.3599853515625,1925.300048828125,1904.8299560546875,1911.0699462890625,239748608
2026-08-10 01:00:00+00:00,1911.550048828125,1929.3599853515625,1906.8900146484375,1923.5999755859375,202374144
2026-08-10 02:00:00+00:00,1924.68994140625,1924.699951171875,1911.239990234375,1921.969970703125,248387584
2026-08-10 03:00:00+00:00,1922.56005859375,1923.0,1912.0799560546875,1915.8399658203125,166861312
2026-08-10 04:00:00+00:00,1915.510009765625,1919.43994140625,1911.3599853515625,1914.25,239827456
2026-08-10 05:00:00+00:00,1913.760009765625,1923.510009765625,1913.760009765625,1921.6300048828125,95779840
2026-08-10 06:00:00+00:00,1922.2900390625,1927.5999755859375,1921.6600341796875,1926.489990234375,74480640
2026-08-10 07:00:00+00:00,1927.0,1929.4200439453125,1923.239990234375,1923.97998046875,97440256
2026-08-10 08:00:00+00:00,1923.969970703125,1928.2099609375,1921.760009765625,1925.199951171875,0
2026-08-10 09:00:00+00:00,1924.800048828125,1925.5999755859375,1914.550048828125,1914.9100341796875,134742528
2026-08-10 10:00:00+00:00,1914.8199462890625,1919.1300048828125,1914.4599609375,1915.8599853515625,83252224
2026-08-10 11:00:00+00:00,1916.06005859375,1919.27001953125,1912.9599609375,1918.5,65977856
2026-08-10 12:00:00+00:00,1918.489990234375,1921.5,1903.530029296875,1904.2900390625,174976000
2026-08-10 13:00:00+00:00,1904.0400390625,1908.81005859375,1892.8299560546875,1895.699951171875,226789888
2026-08-10 14:00:00+00:00,1894.969970703125,1900.5999755859375,1890.1700439453125,1891.6199951171875,585320448
2026-08-10 15:00:00+00:00,1890.6300048828125,1890.6300048828125,1870.050048828125,1875.02001953125,894179328
2026-08-10 16:00:00+00:00,1874.3900146484375,1877.0,1867.4100341796875,1870.22998046875,384397824
2026-08-10 17:00:00+00:00,1870.4599609375,1875.3299560546875,1867.010009765625,1871.8199462890625,219041280
2026-08-10 18:00:00+00:00,1871.93994140625,1873.260009765625,1866.3900146484375,1870.7099609375,296470528
2026-08-10 19:00:00+00:00,1870.7099609375,1878.8199462890625,1870.7099609375,1876.4200439453125,124659712
2026-08-10 20:00:00+00:00,1875.949951171875,1879.219970703125,1875.699951171875,1877.9300537109375,87215104
2026-08-10 21:00:00+00:00,1877.8199462890625,1877.8199462890625,1871.8900146484375,1872.550048828125,2308096
2026-08-10 22:00:00+00:00,1872.6600341796875,1876.31005859375,1870.3599853515625,1874.530029296875,0
2026-08-10 23:00:00+00:00,1874.489990234375,1874.530029296875,1868.4599609375,1871.4200439453125,0
2026-08-11 00:00:00+00:00,1871.3399658203125,1874.280029296875,1869.2099609375,1873.510009765625,0
2026-08-11 01:00:00+00:00,1873.0999755859375,1876.8599853515625,1871.6400146484375,1876.260009765625,0
2026-08-11 02:00:00+00:00,1876.1400146484375,1877.4300537109375,1875.4100341796875,1876.8199462890625,0
2026-08-11 03:00:00+00:00,1876.8299560546875,1880.010009765625,1876.8299560546875,1879.0799560546875,0
2026-08-11 04:00:00+00:00,1879.0899658203125,1880.1800537109375,1874.3499755859375,1874.3499755859375,0
2026-08-11 05:00:00+00:00,1874.18994140625,1875.280029296875,1870.02001953125,1872.1400146484375,0
2026-08-11 06:00:00+00:00,1871.969970703125,1873.31005859375,1869.56005859375,1872.5,22935040
2026-08-11 07:00:00+00:00,1872.68994140625,1877.489990234375,1868.9000244140625,1876.010009765625,100030976
2026-08-11 08:00:00+00:00,1876.1500244140625,1878.6300048828125,1873.3499755859375,1877.5799560546875,107988992
2026-08-11 09:00:00+00:00,1877.5699462890625,1883.739990234375,1875.6099853515625,1883.739990234375,46048256
2026-08-11 10:00:00+00:00,1883.4300537109375,1886.699951171875,1881.510009765625,1884.6099853515625,92913152
2026-08-11 11:00:00+00:00,1885.2900390625,1893.969970703125,1884.7099609375,1891.3299560546875,187699712
2026-08-11 12:00:00+00:00,1893.1800537109375,1896.2900390625,1885.77001953125,1886.3199462890625,0
2026-08-11 13:00:00+00:00,1886.31005859375,1890.699951171875,1882.199951171875,1888.31005859375,0
2026-08-11 14:00:00+00:00,1888.0999755859375,1889.77001953125,1868.5999755859375,1871.8499755859375,0
2026-08-11 15:00:00+00:00,1871.969970703125,1876.0,1852.4300537109375,1861.199951171875,0
2026-08-11 16:00:00+00:00,1860.8599853515625,1865.4200439453125,1858.2900390625,1863.18994140625,0
2026-08-11 17:00:00+00:00,1863.6800537109375,1865.52001953125,1861.0699462890625,1863.0999755859375,0
2026-08-11 18:00:00+00:00,1862.760009765625,1864.9000244140625,1859.31005859375,1864.3900146484375,0
2026-08-11 19:00:00+00:00,1864.0999755859375,1882.550048828125,1861.06005859375,1879.699951171875,0
2026-08-11 20:00:00+00:00,1880.469970703125,1883.699951171875,1877.4000244140625,1880.47998046875,339070976
2026-08-11 21:00:00+00:00,1880.3299560546875,1883.5999755859375,1878.6700439453125,1882.9300537109375,28781056
2026-08-11 22:00:00+00:00,1883.3199462890625,1885.6600341796875,1877.800048828125,1880.6300048828125,49860096
2026-08-11 23:00:00+00:00,1880.6400146484375,1882.81005859375,1877.25,1880.719970703125,0
2026-08-12 00:00:00+00:00,1880.5999755859375,1881.8699951171875,1878.9100341796875,1880.77001953125,0
2026-08-12 01:00:00+00:00,1880.800048828125,1885.02001953125,1879.47998046875,1882.9200439453125,22510080
2026-08-12 02:00:00+00:00,1883.5,1886.260009765625,1881.719970703125,1882.5899658203125,30356480
2026-08-12 03:00:00+00:00,1882.77001953125,1885.6400146484375,1881.0999755859375,1884.969970703125,8707584
2026-08-12 04:00:00+00:00,1885.1800537109375,1891.3599853515625,1883.6099853515625,1887.800048828125,0
2026-08-12 05:00:00+00:00,1887.800048828125,1890.8199462890625,1885.0899658203125,1890.199951171875,130267648
2026-08-12 06:00:00+00:00,1889.9200439453125,1889.9200439453125,1883.6099853515625,1885.8599853515625,0
2026-08-12 07:00:00+00:00,1886.1800537109375,1890.260009765625,1884.6800537109375,1890.010009765625,0
2026-08-12 08:00:00+00:00,1889.8900146484375,1894.3199462890625,1888.9100341796875,1889.1099853515625,0
2026-08-12 09:00:00+00:00,1889.1199951171875,1907.4000244140625,1888.1300048828125,1904.1500244140625,205708800
2026-08-12 10:00:00+00:00,1904.6300048828125,1913.530029296875,1904.199951171875,1907.5,173501952
2026-08-12 11:00:00+00:00,1908.4000244140625,1914.0999755859375,1905.77001953125,1913.9100341796875,0
2026-08-12 12:00:00+00:00,1914.9100341796875,1920.9599609375,1903.6099853515625,1909.8299560546875,405657088
2026-08-12 13:00:00+00:00,1909.719970703125,1910.5999755859375,1898.2900390625,1899.5400390625,71637504
2026-08-12 14:00:00+00:00,1897.5799560546875,1901.8599853515625,1883.0,1885.6800537109375,121964032
2026-08-12 15:00:00+00:00,1883.989990234375,1894.3599853515625,1882.780029296875,1890.6400146484375,0
2026-08-12 16:00:00+00:00,1890.4100341796875,1893.8499755859375,1887.25,1888.81005859375,0
2026-08-12 17:00:00+00:00,1888.6500244140625,1889.9200439453125,1883.260009765625,1886.02001953125,2134528
2026-08-12 18:00:00+00:00,1885.9200439453125,1889.1500244140625,1883.3499755859375,1883.449951171875,0
2026-08-12 19:00:00+00:00,1882.93994140625,1884.719970703125,1875.760009765625,1877.1700439453125,0
2026-08-12 20:00:00+00:00,1877.06005859375,1885.510009765625,1875.8900146484375,1884.5999755859375,0
2026-08-12 21:00:00+00:00,1884.5899658203125,1887.239990234375,1871.800048828125,1876.0400390625,35050496
2026-08-12 22:00:00+00:00,1875.1500244140625,1879.31005859375,1873.780029296875,1876.550048828125,0
2026-08-12 23:00:00+00:00,1876.47998046875,1878.3299560546875,1872.8499755859375,1877.6800537109375,32603648
2026-08-13 00:00:00+00:00,1877.699951171875,1883.050048828125,1875.4100341796875,1878.47998046875,162832384
2026-08-13 01:00:00+00:00,1878.25,1880.93994140625,1873.31005859375,1876.1600341796875,0
2026-08-13 02:00:00+00:00,1875.969970703125,1881.1500244140625,1871.3599853515625,1879.9599609375,98208256
2026-08-13 03:00:00+00:00,1879.8699951171875,1886.77001953125,1879.6500244140625,1885.5699462890625,73931776
2026-08-13 04:00:00+00:00,1885.68994140625,1892.68994140625,1883.4200439453125,1890.449951171875,10473472
2026-08-13 05:00:00+00:00,1890.25,1898.1300048828125,1889.719970703125,1893.9100341796875,147398144
2026-08-13 06:00:00+00:00,1894.050048828125,1896.800048828125,1890.1500244140625,1896.7900390625,0
2026-08-13 07:00:00+00:00,1896.8199462890625,1897.0799560546875,1893.469970703125,1893.8699951171875,35529216
2026-08-13 08:00:00+00:00,1893.8699951171875,1895.4000244140625,1887.0,1888.300048828125,37660672
2026-08-13 09:00:00+00:00,1888.2900390625,1888.9100341796875,1879.6800537109375,1887.77001953125,0
2026-08-13 10:00:00+00:00,1888.219970703125,1888.219970703125,1879.81005859375,1881.0699462890625,0
2026-08-13 11:00:00+00:00,1881.0699462890625,1881.6400146484375,1873.3199462890625,1878.3499755859375,0
2026-08-13 12:00:00+00:00,1877.93994140625,1887.989990234375,1876.949951171875,1887.0799560546875,0
2026-08-13 13:00:00+00:00,1888.1700439453125,1893.5999755859375,1884.9000244140625,1888.3900146484375,0
2026-08-13 14:00:00+00:00,1888.550048828125,1895.5400390625,1886.5799560546875,1891.449951171875,0
2026-08-13 15:00:00+00:00,1892.050048828125,1894.3499755859375,1878.6600341796875,1878.6600341796875,0
2026-08-13 16:00:00+00:00,1878.75,1883.1300048828125,1862.199951171875,1872.6600341796875,475724288
2026-08-13 17:00:00+00:00,1872.06005859375,1878.8699951171875,1871.719970703125,1874.9300537109375,130461184
2026-08-13 18:00:00+00:00,1875.0400390625,1885.300048828125,1874.5999755859375,1883.5699462890625,8910336
2026-08-13 19:00:00+00:00,1883.8699951171875,1890.7900390625,1883.219970703125,1885.1300048828125,34347008
2026-08-13 20:00:00+00:00,1885.47998046875,1887.760009765625,1883.530029296875,1884.4200439453125,0
2026-08-13 21:00:00+00:00,1884.0699462890625,1887.6400146484375,1884.030029296875,1886.97998046875,0
2026-08-13 22:00:00+00:00,1887.2900390625,1891.050048828125,1886.760009765625,1887.72998046875,0
2026-08-13 23:00:00+00:00,1887.719970703125,1887.719970703125,1882.9000244140625,1884.6099853515625,12433408
2026-08-14 00:00:00+00:00,1884.8299560546875,1887.780029296875,1882.0999755859375,1887.6600341796875,0
2026-08-14 01:00:00+00:00,1887.739990234375,1888.52001953125,1883.199951171875,1887.81005859375,0
2026-08-14 02:00:00+00:00,1887.8299560546875,1889.489990234375,1884.280029296875,1884.8299560546875,0
2026-08-14 03:00:00+00:00,1884.780029296875,1887.4200439453125,1880.949951171875,1881.260009765625,0
2026-08-14 04:00:00+00:00,1881.0,1886.1400146484375,1880.3699951171875,1882.97998046875,0
2026-08-14 05:00:00+00:00,1882.97998046875,1883.780029296875,1878.6700439453125,1882.0899658203125,0
2026-08-14 06:00:00+00:00,1882.1300048828125,1882.1300048828125,1870.93994140625,1870.93994140625,93266944
2026-08-14 07:00:00+00:00,1870.6500244140625,1876.3299560546875,1870.4300537109375,1871.1800537109375,37293056
2026-08-14 08:00:00+00:00,1871.25,1876.4100341796875,1867.4000244140625,1876.4100341796875,21680640
2026-08-14 09:00:00+00:00,1876.8499755859375,1876.8499755859375,1869.260009765625,1871.06005859375,0
2026-08-14 10:00:00+00:00,1870.3399658203125,1876.0799560546875,1870.3399658203125,1873.93994140625,0
2026-08-14 11:00:00+00:00,1874.1400146484375,1878.8699951171875,1872.8599853515625,1876.4100341796875,0
2026-08-14 12:00:00+00:00,1876.5,1877.469970703125,1870.8900146484375,1871.22998046875,0
2026-08-14 13:00:00+00:00,1871.6500244140625,1871.800048828125,1864.52001953125,1867.3199462890625,12284416
2026-08-14 14:00:00+00:00,1867.550048828125,1871.3900146484375,1862.18994140625,1864.9300537109375,0
2026-08-14 15:00:00+00:00,1864.9100341796875,1882.6400146484375,1864.18994140625,1879.239990234375,212630528
2026-08-14 16:00:00+00:00,1879.2099609375,1886.1300048828125,1877.31005859375,1883.3699951171875,0
2026-08-14 17:00:00+00:00,1883.6400146484375,1885.8299560546875,1874.6300048828125,1876.6300048828125,0
2026-08-14 18:00:00+00:00,1876.6800537109375,1877.219970703125,1871.699951171875,1873.6300048828125,50914304
2026-08-14 19:00:00+00:00,1873.530029296875,1880.2900390625,1871.6800537109375,1879.0400390625,0
2026-08-14 20:00:00+00:00,1879.2900390625,1879.9000244140625,1876.8699951171875,1878.56005859375,0
2026-08-14 21:00:00+00:00,1878.5699462890625,1879.43994140625,1875.5,1877.530029296875,0
2026-08-14 22:00:00+00:00,1877.3399658203125,1879.1800537109375,1874.5,1877.8800048828125,6679552
2026-08-14 23:00:00+00:00,1877.8599853515625,1880.8599853515625,1877.199951171875,1880.4100341796875,5409792
2026-08-15 00:00:00+00:00,1880.5,1881.719970703125,1879.8399658203125,1880.68994140625,0
2026-08-15 01:00:00+00:00,1880.6800537109375,1882.97998046875,1879.199951171875,1882.260009765625,0
2026-08-15 02:00:00+00:00,1882.2900390625,1884.0699462890625,1882.239990234375,1883.1199951171875,0
2026-08-15 03:00:00+00:00,1883.18994140625,1884.8800048828125,1880.8599853515625,1880.8900146484375,31283200
2026-08-15 04:00:00+00:00,1881.260009765625,1883.7900390625,1881.0799560546875,1882.5799560546875,0
2026-08-15 05:00:00+00:00,1882.4300537109375,1883.25,1877.739990234375,1878.9599609375,0
2026-08-15 06:00:00+00:00,1879.06005859375,1881.6500244140625,1878.0899658203125,1880.3599853515625,0
2026-08-15 07:00:00+00:00,1880.3299560546875,1880.75,1878.219970703125,1878.56005859375,0
2026-08-15 08:00:00+00:00,1878.510009765625,1879.7099609375,1874.6300048828125,1875.0899658203125,0
2026-08-15 09:00:00+00:00,1875.3299560546875,1879.239990234375,1874.0899658203125,1878.4200439453125,0
2026-08-15 10:00:00+00:00,1878.5999755859375,1879.4599609375,1876.3900146484375,1879.280029296875,0
2026-08-15 11:00:00+00:00,1879.1199951171875,1879.3800048828125,1877.1700439453125,1877.2900390625,0
2026-08-15 12:00:00+00:00,1877.1400146484375,1881.719970703125,1876.199951171875,1881.719970703125,0
2026-08-15 13:00:00+00:00,1881.550048828125,1882.8299560546875,1880.2900390625,1881.5,0
2026-08-15 14:00:00+00:00,1881.5,1882.6099853515625,1879.4599609375,1881.469970703125,0
2026-08-15 15:00:00+00:00,1881.3699951171875,1883.9000244140625,1880.949951171875,1882.8900146484375,0
2026-08-15 16:00:00+00:00,1883.0,1883.81005859375,1881.72998046875,1883.0899658203125,0
2026-08-15 17:00:00+00:00,1882.8499755859375,1884.3699951171875,1880.9599609375,1882.4000244140625,0
2026-08-15 18:00:00+00:00,1882.3499755859375,1883.77001953125,1880.56005859375,1880.8699951171875,0
2026-08-15 19:00:00+00:00,1880.800048828125,1882.8599853515625,1880.6400146484375,1882.3599853515625,0
2026-08-15 20:00:00+00:00,1882.3800048828125,1882.52001953125,1880.719970703125,1881.3399658203125,0
2026-08-15 21:00:00+00:00,1881.3299560546875,1883.6400146484375,1881.199951171875,1883.1300048828125,21493248
2026-08-15 22:00:00+00:00,1883.1300048828125,1883.77001953125,1882.27001953125,1882.5799560546875,0
2026-08-15 23:00:00+00:00,1882.6800537109375,1882.760009765625,1880.0,1880.93994140625,0
2026-08-16 00:00:00+00:00,1880.8800048828125,1881.510009765625,1879.81005859375,1880.6500244140625,11183872
2026-08-16 01:00:00+00:00,1880.22998046875,1880.3800048828125,1875.239990234375,1878.6199951171875,0
2026-08-16 02:00:00+00:00,1878.300048828125,1883.25,1877.0999755859375,1881.7900390625,33498368
2026-08-16 03:00:00+00:00,1881.8900146484375,1882.3499755859375,1880.8900146484375,1881.010009765625,0
2026-08-16 04:00:00+00:00,1881.02001953125,1882.6800537109375,1879.02001953125,1879.949951171875,2258432
2026-08-16 05:00:00+00:00,1879.8699951171875,1880.1800537109375,1877.5999755859375,1878.1199951171875,0
2026-08-16 06:00:00+00:00,1878.18994140625,1879.81005859375,1877.010009765625,1878.6600341796875,10308608
2026-08-16 07:00:00+00:00,1878.6500244140625,1879.8599853515625,1877.93994140625,1879.300048828125,4277248
2026-08-16 08:00:00+00:00,1879.300048828125,1879.5400390625,1878.4000244140625,1878.8299560546875,0
2026-08-16 09:00:00+00:00,1878.9200439453125,1880.27001953125,1877.1400146484375,1878.1400146484375,23649280
2026-08-16 10:00:00+00:00,1878.1400146484375,1879.1300048828125,1877.6300048828125,1878.760009765625,0
2026-08-16 11:00:00+00:00,1878.760009765625,1879.1300048828125,1877.9100341796875,1878.9100341796875,0
2026-08-16 12:00:00+00:00,1878.9100341796875,1878.9100341796875,1877.3499755859375,1877.75,0
2026-08-16 13:00:00+00:00,1877.760009765625,1879.9100341796875,1877.75,1879.9100341796875,0
2026-08-16 14:00:00+00:00,1879.9200439453125,1882.510009765625,1879.9200439453125,1881.3900146484375,53052160
2026-08-16 15:00:00+00:00,1881.5699462890625,1882.97998046875,1880.699951171875,1882.010009765625,31904768
2026-08-16 16:00:00+00:00,1882.02001953125,1889.93994140625,1882.02001953125,1887.449951171875,167911680
2026-08-16 17:00:00+00:00,1887.75,1888.56005859375,1882.0799560546875,1883.1199951171875,48663040
2026-08-16 18:00:00+00:00,1883.1700439453125,1884.449951171875,1880.780029296875,1883.68994140625,41476096
2026-08-16 19:00:00+00:00,1883.699951171875,1886.8900146484375,1882.7099609375,1884.280029296875,65588480
2026-08-16 20:00:00+00:00,1884.3199462890625,1885.3599853515625,1883.7099609375,1884.81005859375,62890240
